match_id,player,row,pts,pts_won,aces,unret,forced_err,pts_won_lte_3_shots,wide,body,t
20241119-M-Davis_Cup_Finals-QF-Tallon_Griekspoor-Carlos_Alcaraz,Tallon Griekspoor,Total,64,39,10,2,11,32,30,8,26
20241119-M-Davis_Cup_Finals-QF-Tallon_Griekspoor-Carlos_Alcaraz,Tallon Griekspoor,1,41,30,10,2,10,25,21,4,16
20241119-M-Davis_Cup_Finals-QF-Tallon_Griekspoor-Carlos_Alcaraz,Tallon Griekspoor,2,23,9,0,0,1,7,9,4,10
20241119-M-Davis_Cup_Finals-QF-Tallon_Griekspoor-Carlos_Alcaraz,Carlos Alcaraz,Total,51,44,11,0,9,29,23,17,11
20241119-M-Davis_Cup_Finals-QF-Tallon_Griekspoor-Carlos_Alcaraz,Carlos Alcaraz,1,29,28,9,0,9,20,11,7,11
20241119-M-Davis_Cup_Finals-QF-Tallon_Griekspoor-Carlos_Alcaraz,Carlos Alcaraz,2,22,16,2,0,0,9,12,10,0
20241111-M-Tour_Finals-RR-Casper_Ruud-Carlos_Alcaraz,Casper Ruud,Total,74,48,5,2,12,28,37,5,32
20241111-M-Tour_Finals-RR-Casper_Ruud-Carlos_Alcaraz,Casper Ruud,1,51,35,5,2,11,22,25,1,25
20241111-M-Tour_Finals-RR-Casper_Ruud-Carlos_Alcaraz,Casper Ruud,2,23,13,0,0,1,6,12,4,7
20241111-M-Tour_Finals-RR-Casper_Ruud-Carlos_Alcaraz,Carlos Alcaraz,Total,44,25,4,3,4,18,20,9,15
20241111-M-Tour_Finals-RR-Casper_Ruud-Carlos_Alcaraz,Carlos Alcaraz,1,29,17,4,3,3,13,14,5,10
20241111-M-Tour_Finals-RR-Casper_Ruud-Carlos_Alcaraz,Carlos Alcaraz,2,15,8,0,0,1,5,6,4,5
20241029-M-Paris_Masters-R32-Carlos_Alcaraz-Nicolas_Jarry,Carlos Alcaraz,Total,60,41,9,18,0,30,27,4,29
20241029-M-Paris_Masters-R32-Carlos_Alcaraz-Nicolas_Jarry,Carlos Alcaraz,1,42,32,9,16,0,27,22,1,19
20241029-M-Paris_Masters-R32-Carlos_Alcaraz-Nicolas_Jarry,Carlos Alcaraz,2,18,9,0,2,0,3,5,3,10
20241029-M-Paris_Masters-R32-Carlos_Alcaraz-Nicolas_Jarry,Nicolas Jarry,Total,58,32,6,11,0,21,24,9,25
20241029-M-Paris_Masters-R32-Carlos_Alcaraz-Nicolas_Jarry,Nicolas Jarry,1,34,22,6,8,0,17,12,4,18
20241029-M-Paris_Masters-R32-Carlos_Alcaraz-Nicolas_Jarry,Nicolas Jarry,2,24,10,0,3,0,4,12,5,7
20241020-M-Six_Kings_Slam-F-Jannik_Sinner-Carlos_Alcaraz,Jannik Sinner,Total,84,59,6,0,16,31,45,11,28
20241020-M-Six_Kings_Slam-F-Jannik_Sinner-Carlos_Alcaraz,Jannik Sinner,1,56,43,6,0,15,27,34,1,21
20241020-M-Six_Kings_Slam-F-Jannik_Sinner-Carlos_Alcaraz,Jannik Sinner,2,28,16,0,0,1,4,11,10,7
20241020-M-Six_Kings_Slam-F-Jannik_Sinner-Carlos_Alcaraz,Carlos Alcaraz,Total,105,61,2,0,14,26,48,34,23
20241020-M-Six_Kings_Slam-F-Jannik_Sinner-Carlos_Alcaraz,Carlos Alcaraz,1,66,42,2,0,14,22,35,16,15
20241020-M-Six_Kings_Slam-F-Jannik_Sinner-Carlos_Alcaraz,Carlos Alcaraz,2,39,19,0,0,0,4,13,18,8
20241010-M-Shanghai_Masters-QF-Tomas_Machac-Carlos_Alcaraz,Tomas Machac,Total,93,60,5,14,0,31,34,9,50
20241010-M-Shanghai_Masters-QF-Tomas_Machac-Carlos_Alcaraz,Tomas Machac,1,55,40,4,12,0,25,23,2,30
20241010-M-Shanghai_Masters-QF-Tomas_Machac-Carlos_Alcaraz,Tomas Machac,2,38,20,1,2,0,6,11,7,20
20241010-M-Shanghai_Masters-QF-Tomas_Machac-Carlos_Alcaraz,Carlos Alcaraz,Total,67,46,7,13,0,33,29,3,35
20241010-M-Shanghai_Masters-QF-Tomas_Machac-Carlos_Alcaraz,Carlos Alcaraz,1,46,34,6,11,0,25,19,2,25
20241010-M-Shanghai_Masters-QF-Tomas_Machac-Carlos_Alcaraz,Carlos Alcaraz,2,21,12,1,2,0,8,10,1,10
20241009-M-Shanghai_Masters-R16-Gael_Monfils-Carlos_Alcaraz,Gael Monfils,Total,70,46,10,12,0,30,40,6,24
20241009-M-Shanghai_Masters-R16-Gael_Monfils-Carlos_Alcaraz,Gael Monfils,1,49,36,10,9,0,25,25,2,22
20241009-M-Shanghai_Masters-R16-Gael_Monfils-Carlos_Alcaraz,Gael Monfils,2,21,10,0,3,0,5,15,4,2
20241009-M-Shanghai_Masters-R16-Gael_Monfils-Carlos_Alcaraz,Carlos Alcaraz,Total,59,46,4,14,0,23,28,3,28
20241009-M-Shanghai_Masters-R16-Gael_Monfils-Carlos_Alcaraz,Carlos Alcaraz,1,41,32,4,12,0,20,20,1,20
20241009-M-Shanghai_Masters-R16-Gael_Monfils-Carlos_Alcaraz,Carlos Alcaraz,2,18,14,0,2,0,3,8,2,8
20241005-M-Shanghai_Masters-R64-Juncheng_Shang-Carlos_Alcaraz,Juncheng Shang,Total,51,24,1,7,0,15,20,11,20
20241005-M-Shanghai_Masters-R64-Juncheng_Shang-Carlos_Alcaraz,Juncheng Shang,1,27,15,1,6,0,10,11,3,13
20241005-M-Shanghai_Masters-R64-Juncheng_Shang-Carlos_Alcaraz,Juncheng Shang,2,24,9,0,1,0,5,9,8,7
20241005-M-Shanghai_Masters-R64-Juncheng_Shang-Carlos_Alcaraz,Carlos Alcaraz,Total,48,35,3,10,0,18,20,9,19
20241005-M-Shanghai_Masters-R64-Juncheng_Shang-Carlos_Alcaraz,Carlos Alcaraz,1,24,19,3,8,0,14,9,4,11
20241005-M-Shanghai_Masters-R64-Juncheng_Shang-Carlos_Alcaraz,Carlos Alcaraz,2,24,16,0,2,0,4,11,5,8
20241002-M-Beijing-F-Carlos_Alcaraz-Jannik_Sinner,Carlos Alcaraz,Total,123,81,7,17,0,43,68,14,41
20241002-M-Beijing-F-Carlos_Alcaraz-Jannik_Sinner,Carlos Alcaraz,1,75,54,7,16,0,39,47,8,20
20241002-M-Beijing-F-Carlos_Alcaraz-Jannik_Sinner,Carlos Alcaraz,2,48,27,0,1,0,4,21,6,21
20241002-M-Beijing-F-Carlos_Alcaraz-Jannik_Sinner,Jannik Sinner,Total,129,78,6,16,0,34,56,22,51
20241002-M-Beijing-F-Carlos_Alcaraz-Jannik_Sinner,Jannik Sinner,1,71,47,6,12,0,25,36,2,33
20241002-M-Beijing-F-Carlos_Alcaraz-Jannik_Sinner,Jannik Sinner,2,58,31,0,4,0,9,20,20,18
20241001-M-Beijing-SF-Daniil_Medvedev-Carlos_Alcaraz,Daniil Medvedev,Total,66,35,3,13,0,22,35,3,28
20241001-M-Beijing-SF-Daniil_Medvedev-Carlos_Alcaraz,Daniil Medvedev,1,42,23,2,10,0,16,22,1,19
20241001-M-Beijing-SF-Daniil_Medvedev-Carlos_Alcaraz,Daniil Medvedev,2,24,12,1,3,0,6,13,2,9
20241001-M-Beijing-SF-Daniil_Medvedev-Carlos_Alcaraz,Carlos Alcaraz,Total,53,36,3,10,0,20,25,6,22
20241001-M-Beijing-SF-Daniil_Medvedev-Carlos_Alcaraz,Carlos Alcaraz,1,36,27,3,9,0,19,16,2,18
20241001-M-Beijing-SF-Daniil_Medvedev-Carlos_Alcaraz,Carlos Alcaraz,2,17,9,0,1,0,1,9,4,4
20240930-M-Beijing-QF-Karen_Khachanov-Carlos_Alcaraz,Karen Khachanov,Total,82,45,4,14,0,24,40,5,37
20240930-M-Beijing-QF-Karen_Khachanov-Carlos_Alcaraz,Karen Khachanov,1,53,34,4,10,0,19,26,1,26
20240930-M-Beijing-QF-Karen_Khachanov-Carlos_Alcaraz,Karen Khachanov,2,29,11,0,4,0,5,14,4,11
20240930-M-Beijing-QF-Karen_Khachanov-Carlos_Alcaraz,Carlos Alcaraz,Total,52,38,2,11,0,18,32,4,16
20240930-M-Beijing-QF-Karen_Khachanov-Carlos_Alcaraz,Carlos Alcaraz,1,33,25,2,11,0,15,21,2,10
20240930-M-Beijing-QF-Karen_Khachanov-Carlos_Alcaraz,Carlos Alcaraz,2,19,13,0,0,0,3,11,2,6
20240929-M-Beijing-R16-Carlos_Alcaraz-Tallon_Griekspoor,Carlos Alcaraz,Total,41,32,4,11,0,22,15,5,21
20240929-M-Beijing-R16-Carlos_Alcaraz-Tallon_Griekspoor,Carlos Alcaraz,1,23,23,3,7,0,16,7,3,13
20240929-M-Beijing-R16-Carlos_Alcaraz-Tallon_Griekspoor,Carlos Alcaraz,2,18,9,1,4,0,6,8,2,8
20240929-M-Beijing-R16-Carlos_Alcaraz-Tallon_Griekspoor,Tallon Griekspoor,Total,43,20,0,8,0,12,25,2,16
20240929-M-Beijing-R16-Carlos_Alcaraz-Tallon_Griekspoor,Tallon Griekspoor,1,25,15,0,6,0,8,15,1,9
20240929-M-Beijing-R16-Carlos_Alcaraz-Tallon_Griekspoor,Tallon Griekspoor,2,18,5,0,2,0,4,10,1,7
20240927-M-Beijing-R32-Giovanni_Mpetshi_Perricard-Carlos_Alcaraz,Giovanni Mpetshi Perricard,Total,55,37,7,11,0,24,24,4,27
20240927-M-Beijing-R32-Giovanni_Mpetshi_Perricard-Carlos_Alcaraz,Giovanni Mpetshi Perricard,1,24,20,5,6,0,14,14,1,9
20240927-M-Beijing-R32-Giovanni_Mpetshi_Perricard-Carlos_Alcaraz,Giovanni Mpetshi Perricard,2,31,17,2,5,0,10,10,3,18
20240927-M-Beijing-R32-Giovanni_Mpetshi_Perricard-Carlos_Alcaraz,Carlos Alcaraz,Total,56,43,5,9,0,26,28,7,21
20240927-M-Beijing-R32-Giovanni_Mpetshi_Perricard-Carlos_Alcaraz,Carlos Alcaraz,1,34,25,5,6,0,16,17,2,15
20240927-M-Beijing-R32-Giovanni_Mpetshi_Perricard-Carlos_Alcaraz,Carlos Alcaraz,2,22,18,0,3,0,10,11,5,6
20240829-M-US_Open-R64-Botic_Van_De_Zandschulp-Carlos_Alcaraz,Botic Van De Zandschulp,Total,95,62,2,2,11,21,26,38,31
20240829-M-US_Open-R64-Botic_Van_De_Zandschulp-Carlos_Alcaraz,Botic Van De Zandschulp,1,63,49,2,2,11,19,21,21,21
20240829-M-US_Open-R64-Botic_Van_De_Zandschulp-Carlos_Alcaraz,Botic Van De Zandschulp,2,32,13,0,0,0,2,5,17,10
20240829-M-US_Open-R64-Botic_Van_De_Zandschulp-Carlos_Alcaraz,Carlos Alcaraz,Total,70,40,2,0,13,22,30,23,17
20240829-M-US_Open-R64-Botic_Van_De_Zandschulp-Carlos_Alcaraz,Carlos Alcaraz,1,43,26,2,0,13,18,23,11,9
20240829-M-US_Open-R64-Botic_Van_De_Zandschulp-Carlos_Alcaraz,Carlos Alcaraz,2,27,14,0,0,0,4,7,12,8
20240827-M-US_Open-R128-Li_Tu-Carlos_Alcaraz,Li Tu,Total,121,63,2,3,15,32,59,6,56
20240827-M-US_Open-R128-Li_Tu-Carlos_Alcaraz,Li Tu,1,72,42,2,3,12,21,29,0,43
20240827-M-US_Open-R128-Li_Tu-Carlos_Alcaraz,Li Tu,2,49,21,0,0,3,11,30,6,13
20240827-M-US_Open-R128-Li_Tu-Carlos_Alcaraz,Carlos Alcaraz,Total,90,67,8,5,8,37,33,20,37
20240827-M-US_Open-R128-Li_Tu-Carlos_Alcaraz,Carlos Alcaraz,1,56,45,8,5,7,27,23,13,20
20240827-M-US_Open-R128-Li_Tu-Carlos_Alcaraz,Carlos Alcaraz,2,34,22,0,0,1,10,10,7,17
20240815-M-Cincinnati_Masters-R32-Gael_Monfils-Carlos_Alcaraz,Gael Monfils,Total,116,76,15,3,16,51,46,30,40
20240815-M-Cincinnati_Masters-R32-Gael_Monfils-Carlos_Alcaraz,Gael Monfils,1,65,51,14,3,15,37,28,7,30
20240815-M-Cincinnati_Masters-R32-Gael_Monfils-Carlos_Alcaraz,Gael Monfils,2,51,25,1,0,1,14,18,23,10
20240815-M-Cincinnati_Masters-R32-Gael_Monfils-Carlos_Alcaraz,Carlos Alcaraz,Total,102,71,7,1,15,37,32,38,32
20240815-M-Cincinnati_Masters-R32-Gael_Monfils-Carlos_Alcaraz,Carlos Alcaraz,1,56,43,6,1,14,24,20,19,17
20240815-M-Cincinnati_Masters-R32-Gael_Monfils-Carlos_Alcaraz,Carlos Alcaraz,2,46,28,1,0,1,13,12,19,15
20240802-M-Olympics-SF-Felix_Auger_Aliassime-Carlos_Alcaraz,Felix Auger Aliassime,Total,55,25,2,0,10,15,29,12,14
20240802-M-Olympics-SF-Felix_Auger_Aliassime-Carlos_Alcaraz,Felix Auger Aliassime,1,35,21,2,0,9,13,20,5,10
20240802-M-Olympics-SF-Felix_Auger_Aliassime-Carlos_Alcaraz,Felix Auger Aliassime,2,20,4,0,0,1,2,9,7,4
20240802-M-Olympics-SF-Felix_Auger_Aliassime-Carlos_Alcaraz,Carlos Alcaraz,Total,38,28,2,0,9,15,22,14,2
20240802-M-Olympics-SF-Felix_Auger_Aliassime-Carlos_Alcaraz,Carlos Alcaraz,1,22,17,2,0,5,10,11,10,1
20240802-M-Olympics-SF-Felix_Auger_Aliassime-Carlos_Alcaraz,Carlos Alcaraz,2,16,11,0,0,4,5,11,4,1
20240729-M-Olympics-R32-Carlos_Alcaraz-Tallon_Griekspoor,Carlos Alcaraz,Total,69,48,5,0,10,29,33,20,16
20240729-M-Olympics-R32-Carlos_Alcaraz-Tallon_Griekspoor,Carlos Alcaraz,1,46,30,5,0,8,19,22,14,10
20240729-M-Olympics-R32-Carlos_Alcaraz-Tallon_Griekspoor,Carlos Alcaraz,2,23,18,0,0,2,10,11,6,6
20240729-M-Olympics-R32-Carlos_Alcaraz-Tallon_Griekspoor,Tallon Griekspoor,Total,59,36,2,0,9,17,29,14,16
20240729-M-Olympics-R32-Carlos_Alcaraz-Tallon_Griekspoor,Tallon Griekspoor,1,34,26,2,0,9,14,20,4,10
20240729-M-Olympics-R32-Carlos_Alcaraz-Tallon_Griekspoor,Tallon Griekspoor,2,25,10,0,0,0,3,9,10,6
20240712-M-Wimbledon-SF-Daniil_Medvedev-Carlos_Alcaraz,Daniil Medvedev,Total,131,81,5,0,18,37,70,11,50
20240712-M-Wimbledon-SF-Daniil_Medvedev-Carlos_Alcaraz,Daniil Medvedev,1,90,59,4,0,16,24,44,6,40
20240712-M-Wimbledon-SF-Daniil_Medvedev-Carlos_Alcaraz,Daniil Medvedev,2,41,22,1,0,2,13,26,5,10
20240712-M-Wimbledon-SF-Daniil_Medvedev-Carlos_Alcaraz,Carlos Alcaraz,Total,113,77,6,0,21,45,47,33,33
20240712-M-Wimbledon-SF-Daniil_Medvedev-Carlos_Alcaraz,Carlos Alcaraz,1,64,47,5,0,19,32,27,17,20
20240712-M-Wimbledon-SF-Daniil_Medvedev-Carlos_Alcaraz,Carlos Alcaraz,2,49,30,1,0,2,13,20,16,13
20240709-M-Wimbledon-QF-Tommy_Paul-Carlos_Alcaraz,Tommy Paul,Total,136,74,2,0,15,28,44,61,31
20240709-M-Wimbledon-QF-Tommy_Paul-Carlos_Alcaraz,Tommy Paul,1,82,47,2,0,14,16,32,28,22
20240709-M-Wimbledon-QF-Tommy_Paul-Carlos_Alcaraz,Tommy Paul,2,54,27,0,0,1,12,12,33,9
20240709-M-Wimbledon-QF-Tommy_Paul-Carlos_Alcaraz,Carlos Alcaraz,Total,119,77,7,0,19,36,56,34,29
20240709-M-Wimbledon-QF-Tommy_Paul-Carlos_Alcaraz,Carlos Alcaraz,1,73,48,7,0,18,28,32,14,27
20240709-M-Wimbledon-QF-Tommy_Paul-Carlos_Alcaraz,Carlos Alcaraz,2,46,29,0,0,1,8,24,20,2
20240701-M-Wimbledon-R128-Carlos_Alcaraz-Mark_Lajal,Carlos Alcaraz,Total,89,65,4,1,17,39,27,32,30
20240701-M-Wimbledon-R128-Carlos_Alcaraz-Mark_Lajal,Carlos Alcaraz,1,56,47,4,1,16,30,20,13,23
20240701-M-Wimbledon-R128-Carlos_Alcaraz-Mark_Lajal,Carlos Alcaraz,2,33,18,0,0,1,9,7,19,7
20240701-M-Wimbledon-R128-Carlos_Alcaraz-Mark_Lajal,Mark Lajal,Total,102,59,7,2,16,37,35,23,44
20240701-M-Wimbledon-R128-Carlos_Alcaraz-Mark_Lajal,Mark Lajal,1,69,40,7,2,15,27,27,8,34
20240701-M-Wimbledon-R128-Carlos_Alcaraz-Mark_Lajal,Mark Lajal,2,33,19,0,0,1,10,8,15,10
20240609-M-Roland_Garros-F-Alexander_Zverev-Carlos_Alcaraz,Alexander Zverev,Total,133,73,8,18,0,35,69,5,59
20240609-M-Roland_Garros-F-Alexander_Zverev-Carlos_Alcaraz,Alexander Zverev,1,98,62,8,16,0,31,56,1,41
20240609-M-Roland_Garros-F-Alexander_Zverev-Carlos_Alcaraz,Alexander Zverev,2,35,11,0,2,0,4,13,4,18
20240609-M-Roland_Garros-F-Alexander_Zverev-Carlos_Alcaraz,Carlos Alcaraz,Total,159,93,3,20,0,40,107,14,38
20240609-M-Roland_Garros-F-Alexander_Zverev-Carlos_Alcaraz,Carlos Alcaraz,1,96,62,3,19,0,37,74,6,16
20240609-M-Roland_Garros-F-Alexander_Zverev-Carlos_Alcaraz,Carlos Alcaraz,2,63,31,0,1,0,3,33,8,22
20240607-M-Roland_Garros-SF-Carlos_Alcaraz-Jannik_Sinner,Carlos Alcaraz,Total,157,93,8,0,16,45,76,55,26
20240607-M-Roland_Garros-SF-Carlos_Alcaraz-Jannik_Sinner,Carlos Alcaraz,1,103,68,8,0,16,36,59,30,14
20240607-M-Roland_Garros-SF-Carlos_Alcaraz-Jannik_Sinner,Carlos Alcaraz,2,54,25,0,0,0,9,17,25,12
20240607-M-Roland_Garros-SF-Carlos_Alcaraz-Jannik_Sinner,Jannik Sinner,Total,135,83,7,1,20,41,57,44,34
20240607-M-Roland_Garros-SF-Carlos_Alcaraz-Jannik_Sinner,Jannik Sinner,1,76,56,7,1,18,30,37,14,25
20240607-M-Roland_Garros-SF-Carlos_Alcaraz-Jannik_Sinner,Jannik Sinner,2,59,27,0,0,2,11,20,30,9
20240602-M-Roland_Garros-R16-Carlos_Alcaraz-Felix_Auger_Aliassime,Carlos Alcaraz,Total,79,54,1,10,0,24,43,4,32
20240602-M-Roland_Garros-R16-Carlos_Alcaraz-Felix_Auger_Aliassime,Carlos Alcaraz,1,53,40,1,10,0,20,32,1,20
20240602-M-Roland_Garros-R16-Carlos_Alcaraz-Felix_Auger_Aliassime,Carlos Alcaraz,2,26,14,0,0,0,4,11,3,12
20240602-M-Roland_Garros-R16-Carlos_Alcaraz-Felix_Auger_Aliassime,Felix Auger Aliassime,Total,84,43,0,14,0,21,41,10,32
20240602-M-Roland_Garros-R16-Carlos_Alcaraz-Felix_Auger_Aliassime,Felix Auger Aliassime,1,48,29,0,12,0,15,27,1,19
20240602-M-Roland_Garros-R16-Carlos_Alcaraz-Felix_Auger_Aliassime,Felix Auger Aliassime,2,36,14,0,2,0,6,14,9,13
20240531-M-Roland_Garros-R32-Sebastian_Korda-Carlos_Alcaraz,Sebastian Korda,Total,124,69,1,0,18,26,60,14,50
20240531-M-Roland_Garros-R32-Sebastian_Korda-Carlos_Alcaraz,Sebastian Korda,1,72,44,0,0,17,23,38,4,30
20240531-M-Roland_Garros-R32-Sebastian_Korda-Carlos_Alcaraz,Sebastian Korda,2,52,25,1,0,1,3,22,10,20
20240531-M-Roland_Garros-R32-Sebastian_Korda-Carlos_Alcaraz,Carlos Alcaraz,Total,90,64,3,0,16,33,43,25,22
20240531-M-Roland_Garros-R32-Sebastian_Korda-Carlos_Alcaraz,Carlos Alcaraz,1,70,51,3,0,16,27,33,20,17
20240531-M-Roland_Garros-R32-Sebastian_Korda-Carlos_Alcaraz,Carlos Alcaraz,2,20,13,0,0,0,6,10,5,5
20240529-M-Roland_Garros-R64-Jesper_De_Jong-Carlos_Alcaraz,Jesper De Jong,Total,124,63,2,0,12,26,47,32,45
20240529-M-Roland_Garros-R64-Jesper_De_Jong-Carlos_Alcaraz,Jesper De Jong,1,72,40,2,0,11,16,34,12,26
20240529-M-Roland_Garros-R64-Jesper_De_Jong-Carlos_Alcaraz,Jesper De Jong,2,52,23,0,0,1,10,13,20,19
20240529-M-Roland_Garros-R64-Jesper_De_Jong-Carlos_Alcaraz,Carlos Alcaraz,Total,112,67,2,1,15,24,48,35,29
20240529-M-Roland_Garros-R64-Jesper_De_Jong-Carlos_Alcaraz,Carlos Alcaraz,1,78,50,2,1,15,20,37,21,20
20240529-M-Roland_Garros-R64-Jesper_De_Jong-Carlos_Alcaraz,Carlos Alcaraz,2,34,17,0,0,0,4,11,14,9
20240526-M-Roland_Garros-R128-Carlos_Alcaraz-J_J_Wolf,Carlos Alcaraz,Total,66,45,5,1,9,24,33,10,23
20240526-M-Roland_Garros-R128-Carlos_Alcaraz-J_J_Wolf,Carlos Alcaraz,1,47,33,5,1,9,21,25,6,16
20240526-M-Roland_Garros-R128-Carlos_Alcaraz-J_J_Wolf,Carlos Alcaraz,2,19,12,0,0,0,3,8,4,7
20240526-M-Roland_Garros-R128-Carlos_Alcaraz-J_J_Wolf,J J Wolf,Total,64,24,0,3,2,6,36,5,23
20240526-M-Roland_Garros-R128-Carlos_Alcaraz-J_J_Wolf,J J Wolf,1,35,16,0,3,2,5,21,1,13
20240526-M-Roland_Garros-R128-Carlos_Alcaraz-J_J_Wolf,J J Wolf,2,29,8,0,0,0,1,15,4,10
20240501-M-Madrid_Masters-QF-Andrey_Rublev-Carlos_Alcaraz,Andrey Rublev,Total,86,61,5,16,0,35,47,4,35
20240501-M-Madrid_Masters-QF-Andrey_Rublev-Carlos_Alcaraz,Andrey Rublev,1,64,51,5,16,0,29,36,0,28
20240501-M-Madrid_Masters-QF-Andrey_Rublev-Carlos_Alcaraz,Andrey Rublev,2,22,10,0,0,0,6,11,4,7
20240501-M-Madrid_Masters-QF-Andrey_Rublev-Carlos_Alcaraz,Carlos Alcaraz,Total,81,51,1,17,0,27,47,4,30
20240501-M-Madrid_Masters-QF-Andrey_Rublev-Carlos_Alcaraz,Carlos Alcaraz,1,57,34,1,13,0,20,35,3,19
20240501-M-Madrid_Masters-QF-Andrey_Rublev-Carlos_Alcaraz,Carlos Alcaraz,2,24,17,0,4,0,7,12,1,11
20240426-M-Madrid_Masters-R64-Alexander_Shevchenko-Carlos_Alcaraz,Alexander Shevchenko,Total,55,20,0,7,0,9,26,9,20
20240426-M-Madrid_Masters-R64-Alexander_Shevchenko-Carlos_Alcaraz,Alexander Shevchenko,1,33,15,0,7,0,7,18,2,13
20240426-M-Madrid_Masters-R64-Alexander_Shevchenko-Carlos_Alcaraz,Alexander Shevchenko,2,22,5,0,0,0,2,8,7,7
20240426-M-Madrid_Masters-R64-Alexander_Shevchenko-Carlos_Alcaraz,Carlos Alcaraz,Total,38,24,1,9,0,14,21,3,14
20240426-M-Madrid_Masters-R64-Alexander_Shevchenko-Carlos_Alcaraz,Carlos Alcaraz,1,27,18,1,9,0,13,15,2,10
20240426-M-Madrid_Masters-R64-Alexander_Shevchenko-Carlos_Alcaraz,Carlos Alcaraz,2,11,6,0,0,0,1,6,1,4
20240328-M-Miami_Masters-QF-Grigor_Dimitrov-Carlos_Alcaraz,Grigor Dimitrov,Total,56,37,4,1,7,20,22,18,16
20240328-M-Miami_Masters-QF-Grigor_Dimitrov-Carlos_Alcaraz,Grigor Dimitrov,1,35,27,4,1,7,16,17,5,13
20240328-M-Miami_Masters-QF-Grigor_Dimitrov-Carlos_Alcaraz,Grigor Dimitrov,2,21,10,0,0,0,4,5,13,3
20240328-M-Miami_Masters-QF-Grigor_Dimitrov-Carlos_Alcaraz,Carlos Alcaraz,Total,59,32,3,0,5,16,15,24,20
20240328-M-Miami_Masters-QF-Grigor_Dimitrov-Carlos_Alcaraz,Carlos Alcaraz,1,34,19,3,0,5,9,9,14,11
20240328-M-Miami_Masters-QF-Grigor_Dimitrov-Carlos_Alcaraz,Carlos Alcaraz,2,25,13,0,0,0,7,6,10,9
20240326-M-Miami_Masters-R32-Gael_Monfils-Carlos_Alcaraz,Gael Monfils,Total,47,23,2,4,0,9,28,2,17
20240326-M-Miami_Masters-R32-Gael_Monfils-Carlos_Alcaraz,Gael Monfils,1,30,20,2,4,0,9,17,0,13
20240326-M-Miami_Masters-R32-Gael_Monfils-Carlos_Alcaraz,Gael Monfils,2,17,3,0,0,0,0,11,2,4
20240326-M-Miami_Masters-R32-Gael_Monfils-Carlos_Alcaraz,Carlos Alcaraz,Total,47,33,1,9,0,15,23,6,18
20240326-M-Miami_Masters-R32-Gael_Monfils-Carlos_Alcaraz,Carlos Alcaraz,1,38,29,1,9,0,15,21,3,14
20240326-M-Miami_Masters-R32-Gael_Monfils-Carlos_Alcaraz,Carlos Alcaraz,2,9,4,0,0,0,0,2,3,4
20240326-M-Miami_Masters-R16-Lorenzo_Musetti-Carlos_Alcaraz,Lorenzo Musetti,Total,59,32,1,0,11,16,31,8,20
20240326-M-Miami_Masters-R16-Lorenzo_Musetti-Carlos_Alcaraz,Lorenzo Musetti,1,40,25,1,0,11,14,24,2,14
20240326-M-Miami_Masters-R16-Lorenzo_Musetti-Carlos_Alcaraz,Lorenzo Musetti,2,19,7,0,0,0,2,7,6,6
20240326-M-Miami_Masters-R16-Lorenzo_Musetti-Carlos_Alcaraz,Carlos Alcaraz,Total,55,37,3,1,8,20,29,13,13
20240326-M-Miami_Masters-R16-Lorenzo_Musetti-Carlos_Alcaraz,Carlos Alcaraz,1,35,26,3,1,8,16,15,10,10
20240326-M-Miami_Masters-R16-Lorenzo_Musetti-Carlos_Alcaraz,Carlos Alcaraz,2,20,11,0,0,0,4,14,3,3
20240323-M-Miami_Masters-R64-Roberto_Carballes_Baena-Carlos_Alcaraz,Roberto Carballes Baena,Total,53,25,0,0,7,10,26,13,14
20240323-M-Miami_Masters-R64-Roberto_Carballes_Baena-Carlos_Alcaraz,Roberto Carballes Baena,1,33,19,0,0,7,8,19,5,9
20240323-M-Miami_Masters-R64-Roberto_Carballes_Baena-Carlos_Alcaraz,Roberto Carballes Baena,2,20,6,0,0,0,2,7,8,5
20240323-M-Miami_Masters-R64-Roberto_Carballes_Baena-Carlos_Alcaraz,Carlos Alcaraz,Total,48,32,3,1,7,15,34,7,7
20240323-M-Miami_Masters-R64-Roberto_Carballes_Baena-Carlos_Alcaraz,Carlos Alcaraz,1,34,27,3,1,6,13,25,5,4
20240323-M-Miami_Masters-R64-Roberto_Carballes_Baena-Carlos_Alcaraz,Carlos Alcaraz,2,14,5,0,0,1,2,9,2,3
20240317-M-Indian_Wells_Masters-F-Daniil_Medvedev-Carlos_Alcaraz,Daniil Medvedev,Total,79,44,3,0,8,21,38,19,22
20240317-M-Indian_Wells_Masters-F-Daniil_Medvedev-Carlos_Alcaraz,Daniil Medvedev,1,48,30,3,0,8,13,26,4,18
20240317-M-Indian_Wells_Masters-F-Daniil_Medvedev-Carlos_Alcaraz,Daniil Medvedev,2,31,14,0,0,0,8,12,15,4
20240317-M-Indian_Wells_Masters-F-Daniil_Medvedev-Carlos_Alcaraz,Carlos Alcaraz,Total,62,45,3,0,17,29,27,22,13
20240317-M-Indian_Wells_Masters-F-Daniil_Medvedev-Carlos_Alcaraz,Carlos Alcaraz,1,40,30,3,0,16,23,20,9,11
20240317-M-Indian_Wells_Masters-F-Daniil_Medvedev-Carlos_Alcaraz,Carlos Alcaraz,2,22,15,0,0,1,6,7,13,2
20240316-M-Indian_Wells_Masters-SF-Jannik_Sinner-Carlos_Alcaraz,Jannik Sinner,Total,74,45,3,0,6,20,42,12,20
20240316-M-Indian_Wells_Masters-SF-Jannik_Sinner-Carlos_Alcaraz,Jannik Sinner,1,46,30,3,0,6,14,25,7,14
20240316-M-Indian_Wells_Masters-SF-Jannik_Sinner-Carlos_Alcaraz,Jannik Sinner,2,28,15,0,0,0,6,17,5,6
20240316-M-Indian_Wells_Masters-SF-Jannik_Sinner-Carlos_Alcaraz,Carlos Alcaraz,Total,72,46,0,0,5,12,27,27,18
20240316-M-Indian_Wells_Masters-SF-Jannik_Sinner-Carlos_Alcaraz,Carlos Alcaraz,1,47,33,0,0,4,9,18,15,14
20240316-M-Indian_Wells_Masters-SF-Jannik_Sinner-Carlos_Alcaraz,Carlos Alcaraz,2,25,13,0,0,1,3,9,12,4
20240314-M-Indian_Wells_Masters-QF-Carlos_Alcaraz-Alexander_Zverev,Carlos Alcaraz,Total,39,33,0,0,6,11,14,12,13
20240314-M-Indian_Wells_Masters-QF-Carlos_Alcaraz-Alexander_Zverev,Carlos Alcaraz,1,30,26,0,0,6,9,13,6,11
20240314-M-Indian_Wells_Masters-QF-Carlos_Alcaraz-Alexander_Zverev,Carlos Alcaraz,2,9,7,0,0,0,2,1,6,2
20240314-M-Indian_Wells_Masters-QF-Carlos_Alcaraz-Alexander_Zverev,Alexander Zverev,Total,63,32,3,0,6,13,26,3,34
20240314-M-Indian_Wells_Masters-QF-Carlos_Alcaraz-Alexander_Zverev,Alexander Zverev,1,49,25,3,0,6,11,23,0,26
20240314-M-Indian_Wells_Masters-QF-Carlos_Alcaraz-Alexander_Zverev,Alexander Zverev,2,14,7,0,0,0,2,3,3,8
20240312-M-Indian_Wells_Masters-R16-Fabian_Marozsan-Carlos_Alcaraz,Fabian Marozsan,Total,58,33,2,7,0,14,25,5,28
20240312-M-Indian_Wells_Masters-R16-Fabian_Marozsan-Carlos_Alcaraz,Fabian Marozsan,1,32,23,1,6,0,10,17,1,14
20240312-M-Indian_Wells_Masters-R16-Fabian_Marozsan-Carlos_Alcaraz,Fabian Marozsan,2,26,10,1,1,0,4,8,4,14
20240312-M-Indian_Wells_Masters-R16-Fabian_Marozsan-Carlos_Alcaraz,Carlos Alcaraz,Total,49,38,4,13,0,23,16,7,26
20240312-M-Indian_Wells_Masters-R16-Fabian_Marozsan-Carlos_Alcaraz,Carlos Alcaraz,1,31,26,4,9,0,17,11,2,18
20240312-M-Indian_Wells_Masters-R16-Fabian_Marozsan-Carlos_Alcaraz,Carlos Alcaraz,2,18,12,0,4,0,6,5,5,8
20240310-M-Indian_Wells_Masters-R32-Felix_Auger_Aliassime-Carlos_Alcaraz,Felix Auger Aliassime,Total,52,27,2,3,7,18,21,16,15
20240310-M-Indian_Wells_Masters-R32-Felix_Auger_Aliassime-Carlos_Alcaraz,Felix Auger Aliassime,1,35,19,2,3,7,13,16,8,11
20240310-M-Indian_Wells_Masters-R32-Felix_Auger_Aliassime-Carlos_Alcaraz,Felix Auger Aliassime,2,17,8,0,0,0,5,5,8,4
20240310-M-Indian_Wells_Masters-R32-Felix_Auger_Aliassime-Carlos_Alcaraz,Carlos Alcaraz,Total,44,33,3,1,8,17,21,10,13
20240310-M-Indian_Wells_Masters-R32-Felix_Auger_Aliassime-Carlos_Alcaraz,Carlos Alcaraz,1,32,25,3,1,6,12,13,9,10
20240310-M-Indian_Wells_Masters-R32-Felix_Auger_Aliassime-Carlos_Alcaraz,Carlos Alcaraz,2,12,8,0,0,2,5,8,1,3
20240308-M-Indian_Wells_Masters-R64-Matteo_Arnaldi-Carlos_Alcaraz,Matteo Arnaldi,Total,92,48,3,0,6,17,51,13,28
20240308-M-Indian_Wells_Masters-R64-Matteo_Arnaldi-Carlos_Alcaraz,Matteo Arnaldi,1,52,31,3,0,6,10,31,2,19
20240308-M-Indian_Wells_Masters-R64-Matteo_Arnaldi-Carlos_Alcaraz,Matteo Arnaldi,2,40,17,0,0,0,7,20,11,9
20240308-M-Indian_Wells_Masters-R64-Matteo_Arnaldi-Carlos_Alcaraz,Carlos Alcaraz,Total,76,55,2,1,16,27,40,14,22
20240308-M-Indian_Wells_Masters-R64-Matteo_Arnaldi-Carlos_Alcaraz,Carlos Alcaraz,1,43,37,2,1,13,20,20,11,12
20240308-M-Indian_Wells_Masters-R64-Matteo_Arnaldi-Carlos_Alcaraz,Carlos Alcaraz,2,33,18,0,0,3,7,20,3,10
20240217-M-Buenos_Aires-SF-Carlos_Alcaraz-Nicolas_Jarry,Carlos Alcaraz,Total,59,39,0,14,0,25,37,3,19
20240217-M-Buenos_Aires-SF-Carlos_Alcaraz-Nicolas_Jarry,Carlos Alcaraz,1,40,28,0,11,0,18,28,3,9
20240217-M-Buenos_Aires-SF-Carlos_Alcaraz-Nicolas_Jarry,Carlos Alcaraz,2,19,11,0,3,0,7,9,0,10
20240217-M-Buenos_Aires-SF-Carlos_Alcaraz-Nicolas_Jarry,Nicolas Jarry,Total,75,48,7,15,0,33,35,0,40
20240217-M-Buenos_Aires-SF-Carlos_Alcaraz-Nicolas_Jarry,Nicolas Jarry,1,51,37,7,13,0,29,22,0,29
20240217-M-Buenos_Aires-SF-Carlos_Alcaraz-Nicolas_Jarry,Nicolas Jarry,2,24,11,0,2,0,4,13,0,11
20240216-M-Buenos_Aires-QF-Andrea_Vavassori-Carlos_Alcaraz,Andrea Vavassori,Total,64,37,2,1,18,25,32,5,27
20240216-M-Buenos_Aires-QF-Andrea_Vavassori-Carlos_Alcaraz,Andrea Vavassori,1,43,27,2,1,17,22,24,1,18
20240216-M-Buenos_Aires-QF-Andrea_Vavassori-Carlos_Alcaraz,Andrea Vavassori,2,21,10,0,0,1,3,8,4,9
20240216-M-Buenos_Aires-QF-Andrea_Vavassori-Carlos_Alcaraz,Carlos Alcaraz,Total,69,47,2,1,7,21,42,11,16
20240216-M-Buenos_Aires-QF-Andrea_Vavassori-Carlos_Alcaraz,Carlos Alcaraz,1,55,37,2,0,7,16,30,10,15
20240216-M-Buenos_Aires-QF-Andrea_Vavassori-Carlos_Alcaraz,Carlos Alcaraz,2,14,10,0,1,0,5,12,1,1
20240215-M-Buenos_Aires-R16-Carlos_Alcaraz-Camilo_Ugo_Carabelli,Carlos Alcaraz,Total,61,33,1,0,5,12,31,11,19
20240215-M-Buenos_Aires-R16-Carlos_Alcaraz-Camilo_Ugo_Carabelli,Carlos Alcaraz,1,44,31,1,0,5,12,25,6,13
20240215-M-Buenos_Aires-R16-Carlos_Alcaraz-Camilo_Ugo_Carabelli,Carlos Alcaraz,2,17,2,0,0,0,0,6,5,6
20240215-M-Buenos_Aires-R16-Carlos_Alcaraz-Camilo_Ugo_Carabelli,Camilo Ugo Carabelli,Total,76,31,0,2,5,10,42,20,14
20240215-M-Buenos_Aires-R16-Carlos_Alcaraz-Camilo_Ugo_Carabelli,Camilo Ugo Carabelli,1,51,25,0,2,4,8,26,16,9
20240215-M-Buenos_Aires-R16-Carlos_Alcaraz-Camilo_Ugo_Carabelli,Camilo Ugo Carabelli,2,25,6,0,0,1,2,16,4,5
20240124-M-Australian_Open-QF-Alexander_Zverev-Carlos_Alcaraz,Alexander Zverev,Total,105,72,8,0,21,37,42,13,50
20240124-M-Australian_Open-QF-Alexander_Zverev-Carlos_Alcaraz,Alexander Zverev,1,86,64,8,0,21,32,41,4,41
20240124-M-Australian_Open-QF-Alexander_Zverev-Carlos_Alcaraz,Alexander Zverev,2,19,8,0,0,0,5,1,9,9
20240124-M-Australian_Open-QF-Alexander_Zverev-Carlos_Alcaraz,Carlos Alcaraz,Total,128,78,7,0,21,41,54,31,43
20240124-M-Australian_Open-QF-Alexander_Zverev-Carlos_Alcaraz,Carlos Alcaraz,1,92,62,7,0,21,38,37,19,36
20240124-M-Australian_Open-QF-Alexander_Zverev-Carlos_Alcaraz,Carlos Alcaraz,2,36,16,0,0,0,3,17,12,7
20240122-M-Australian_Open-R16-Miomir_Kecmanovic-Carlos_Alcaraz,Miomir Kecmanovic,Total,84,47,3,1,12,23,37,22,25
20240122-M-Australian_Open-R16-Miomir_Kecmanovic-Carlos_Alcaraz,Miomir Kecmanovic,1,54,32,3,1,12,17,25,10,19
20240122-M-Australian_Open-R16-Miomir_Kecmanovic-Carlos_Alcaraz,Miomir Kecmanovic,2,30,15,0,0,0,6,12,12,6
20240122-M-Australian_Open-R16-Miomir_Kecmanovic-Carlos_Alcaraz,Carlos Alcaraz,Total,69,53,5,2,7,24,36,11,22
20240122-M-Australian_Open-R16-Miomir_Kecmanovic-Carlos_Alcaraz,Carlos Alcaraz,1,47,39,5,2,7,19,26,7,14
20240122-M-Australian_Open-R16-Miomir_Kecmanovic-Carlos_Alcaraz,Carlos Alcaraz,2,22,14,0,0,0,5,10,4,8
